Customer,Customer_Tenure,Gender,Merchant,Category,WeightAmount,FraudCases
C1093826151,4,M,M348934600,es_transportation,4.55,0
C352968107,2,M,M348934600,es_transportation,39.68,0
C2054744914,4,F,M1823072687,es_transportation,26.89,0
C1760612790,3,M,M348934600,es_transportation,17.25,0
C757503768,5,M,M348934600,es_transportation,35.72,0
C1315400589,3,F,M348934600,es_transportation,25.81,0
C765155274,1,F,M348934600,es_transportation,9.1,0
C202531238,4,F,M348934600,es_transportation,21.17,0
C105845174,3,M,M348934600,es_transportation,32.4,0
C39858251,5,F,M348934600,es_transportation,35.4,0
C98707741,4,F,M348934600,es_transportation,14.95,0
C1551465414,1,M,M1823072687,es_transportation,1.51,0
C623601481,3,M,M50039827,es_health,68.79,0
C1865204568,5,M,M1823072687,es_transportation,20.32,0
C490238464,3,M,M348934600,es_transportation,13.56,0
C194016923,3,F,M348934600,es_transportation,30.19,0
C1207205377,4,M,M1823072687,es_transportation,17.54,0
C834963773,5,F,M348934600,es_transportation,40.69,0
C1897705669,2,M,M348934600,es_transportation,21.21,0
C124539163,2,F,M348934600,es_transportation,10.09,0
C1687101094,2,F,M348934600,es_transportation,19.31,0
C1695454092,2,M,M348934600,es_transportation,44.22,0
C986553990,5,F,M348934600,es_transportation,44.39,0
C819690995,5,F,M348934600,es_transportation,30.72,0
C1622124632,2,M,M348934600,es_transportation,29.84,0
C187514477,3,M,M348934600,es_transportation,12.1,0
C272748313,4,M,M348934600,es_transportation,24.84,0
C490092965,2,M,M348934600,es_transportation,16.42,0
C546957379,5,M,M348934600,es_transportation,2.19,0
C1563705147,5,F,M348934600,es_transportation,32.27,0
C1273110804,4,M,M348934600,es_transportation,28.09,0
C1582366224,5,M,M1823072687,es_transportation,16.13,0
C998987490,2,F,M348934600,es_transportation,32.7,0
C1413412440,2,F,M348934600,es_transportation,25.53,0
C1166355595,4,F,M348934600,es_transportation,39.22,0
C719598710,5,F,M348934600,es_transportation,46.14,0
C1161949399,2,M,M348934600,es_transportation,29.55,0
C60351691,2,F,M1823072687,es_transportation,36.88,0
C1769927077,2,F,M348934600,es_transportation,36.15,0
C995844287,5,F,M348934600,es_transportation,2.81,0
C1425441042,2,M,M1888755466,es_otherservices,87.67,0
C337109624,2,F,M1823072687,es_transportation,11.17,0
C1635613216,4,F,M1053599405,es_health,105.59,0
C996804095,3,M,M348934600,es_transportation,15.25,0
C1331907286,2,M,M348934600,es_transportation,33.36,0
C506520283,4,F,M348934600,es_transportation,32.96,0
C83613815,2,F,M348934600,es_transportation,16.96,0
C1697528836,3,F,M1823072687,es_transportation,49.91,0
C168310052,2,M,M348934600,es_transportation,0.93,0
C2096367617,2,M,M348934600,es_transportation,37.71,0
C1870872671,2,F,M1823072687,es_transportation,12.53,0
C823286801,2,F,M348934600,es_transportation,56.97,0
C1038996959,2,M,M348934600,es_transportation,31.32,0
C345742557,5,F,M348934600,es_transportation,21.15,0
C638163213,1,F,M348934600,es_transportation,3.12,0
C1941625566,3,F,M348934600,es_transportation,33.41,0
C1180570487,6,F,M1823072687,es_transportation,45.92,0
C51444479,3,M,M348934600,es_transportation,36.82,0
C153419170,3,F,M1823072687,es_transportation,20.05,0
C574062699,2,M,M348934600,es_transportation,43.75,0
C1087788850,4,M,M348934600,es_transportation,44.88,0
C2126436338,1,F,M348934600,es_transportation,18.45,0
C1820855004,2,F,M348934600,es_transportation,29.66,0
C487569403,2,M,M348934600,es_transportation,28.38,0
C923875417,5,F,M348934600,es_transportation,62.76,0
C579037870,6,M,M348934600,es_transportation,21.6,0
C662931726,2,F,M348934600,es_transportation,30.74,0
C671524709,5,F,M348934600,es_transportation,58.33,0
C476477241,4,M,M348934600,es_transportation,44.07,0
C327430270,5,F,M348934600,es_transportation,6.52,0
C1879341237,4,M,M1823072687,es_transportation,2.96,0
C1655037147,2,F,M348934600,es_transportation,44.69,0
C864655240,2,F,M1823072687,es_transportation,5.01,0
C72353846,2,M,M348934600,es_transportation,9.74,0
C1591908890,2,M,M348934600,es_transportation,10.1,0
C1156346576,4,F,M348934600,es_transportation,58.64,0
C1771717627,2,F,M348934600,es_transportation,29.2,0
C156162339,2,F,M85975013,es_food,32.6,0
C588719767,2,M,M348934600,es_transportation,52.35,0
C118437987,2,M,M1053599405,es_health,159.92,0
C1130259702,3,M,M348934600,es_transportation,26.37,0
C1738944491,2,M,M348934600,es_transportation,49.07,0
C1950723662,2,F,M348934600,es_transportation,35.74,0
C1987405562,5,F,M1823072687,es_transportation,47.53,0
C1988407051,5,M,M348934600,es_transportation,29.87,0
C1698653726,2,M,M348934600,es_transportation,20.31,0
C1952040134,3,F,M348934600,es_transportation,10.59,0
C1769470125,2,F,M348934600,es_transportation,21.92,0
C583110837,3,M,M480139044,es_health,44.26,1
C1332295774,3,M,M480139044,es_health,324.5,1
C603564532,1,M,M1823072687,es_transportation,26.07,0
C2072009750,2,F,M348934600,es_transportation,10.88,0
C545248492,4,M,M348934600,es_transportation,8.05,0
C1055224400,3,F,M348934600,es_transportation,25.59,0
C1619755203,5,F,M348934600,es_transportation,15.26,0
C1697851479,3,M,M348934600,es_transportation,20.73,0
C1255236689,1,F,M348934600,es_transportation,68.17,0
C603081336,3,F,M348934600,es_transportation,34.75,0
C274486575,2,F,M692898500,es_health,171.07,0
C1569939854,6,F,M348934600,es_transportation,50.31,0
C648063518,3,M,M348934600,es_transportation,17.87,0
C1488142454,2,F,M348934600,es_transportation,5.96,0
C384665757,3,F,M1823072687,es_transportation,13.08,0
C131559770,6,F,M348934600,es_transportation,51.99,0
C1547534233,2,F,M348934600,es_transportation,9.54,0
C76969430,2,M,M1823072687,es_transportation,61.33,0
C896887653,3,M,M348934600,es_transportation,47.72,0
C281893917,3,M,M348934600,es_transportation,1.72,0
C120661238,6,M,M348934600,es_transportation,8.14,0
C1617276678,3,M,M348934600,es_transportation,43.76,0
C1499019507,2,M,M348934600,es_transportation,52.36,0
C83086349,6,M,M1823072687,es_transportation,14.2,0
C2006367089,6,F,M1823072687,es_transportation,2.06,0
C870367228,4,M,M348934600,es_transportation,45.32,0
C966335674,3,M,M348934600,es_transportation,10.38,0
C694265356,3,F,M348934600,es_transportation,2.46,0
C400803731,2,F,M348934600,es_transportation,40.15,0
C477595630,4,M,M348934600,es_transportation,4.96,0
C1721541488,2,M,M348934600,es_transportation,43.55,0
C949023995,3,M,M348934600,es_transportation,8.56,0
C439601438,5,F,M348934600,es_transportation,28.06,0
C1482560016,5,M,M348934600,es_transportation,7.89,0
C13098029,5,F,M348934600,es_transportation,44.59,0
C672742304,4,M,M348934600,es_transportation,10.84,0
C916497516,3,F,M348934600,es_transportation,13.35,0
C1403689550,2,F,M348934600,es_transportation,10.49,0
C869565327,5,F,M348934600,es_transportation,6.19,0
C1085056650,1,F,M348875670,es_hotelservices,114.54,0
C1035681921,1,M,M348934600,es_transportation,23.97,0
C1476505660,1,F,M348934600,es_transportation,7.75,0
C948004275,2,M,M151143676,es_barsandrestaurants,36.41,0
C650108285,4,F,M1053599405,es_health,11.83,0
C2041218422,3,M,M1823072687,es_transportation,4.23,0
C2081956948,2,M,M348934600,es_transportation,11.23,0
C1305339250,4,M,M348934600,es_transportation,20.55,0
C1459810780,2,F,M348934600,es_transportation,43.78,0
C433481742,4,F,M348934600,es_transportation,10.96,0
C288684762,3,M,M348934600,es_transportation,33.27,0
C1817842389,5,M,M692898500,es_health,109.26,0
C206074131,5,F,M348934600,es_transportation,38.38,0
C1502804084,2,F,M348934600,es_transportation,1.01,0
C2134043204,3,M,M348934600,es_transportation,31.73,0
C662187574,2,M,M348934600,es_transportation,13.33,0
C2039473569,2,M,M348934600,es_transportation,68.39,0
C370861553,2,M,M348934600,es_transportation,2.46,0
C1187730955,3,M,M1823072687,es_transportation,33.71,0
C426128777,3,F,M348934600,es_transportation,39.96,0
C779868884,1,M,M348934600,es_transportation,17.56,0
C2092526272,6,F,M840466850,es_tech,163.56,0
C1450354557,3,F,M348934600,es_transportation,23.24,0
C1313060996,3,F,M348934600,es_transportation,26.46,0
C1091966081,3,F,M348934600,es_transportation,13.56,0
C564600361,2,M,M348934600,es_transportation,25.53,0
C661876608,1,F,M1741626453,es_sportsandtoys,11.83,0
C1871594117,1,M,M348934600,es_transportation,24.15,0
C759167881,2,F,M348934600,es_transportation,2.63,0
C359668643,2,M,M348934600,es_transportation,31.2,0
C1536083561,2,F,M348934600,es_transportation,4.15,0
C2043927860,2,M,M348934600,es_transportation,29.95,0
C1159406873,3,F,M348934600,es_transportation,58.95,0
C1463833315,1,M,M1053599405,es_health,7.94,0
C1206604144,2,F,M348934600,es_transportation,37.8,0
C673469784,3,F,M348934600,es_transportation,55.19,0
C994739890,5,M,M348934600,es_transportation,32.95,0
C409331076,4,M,M1823072687,es_transportation,50.9,0
C1229072215,3,M,M348934600,es_transportation,15.69,0
C1070277785,4,F,M348934600,es_transportation,14.36,0
C1324001180,2,M,M1823072687,es_transportation,50.57,0
C1424475955,3,M,M348934600,es_transportation,37.73,0
C1423644375,2,M,M348934600,es_transportation,30.98,0
C2042503226,2,F,M348934600,es_transportation,10.37,0
C2038427935,3,F,M348934600,es_transportation,64.69,0
C1549232957,3,M,M1823072687,es_transportation,44.5,0
C1314685160,1,M,M348934600,es_transportation,5.5,0
C276142295,3,M,M348934600,es_transportation,30.86,0
C2035341190,2,M,M348934600,es_transportation,61.83,0
C1846578588,3,M,M348934600,es_transportation,55.55,0
C2029028090,4,M,M348934600,es_transportation,73.36,0
C1568358546,2,F,M348934600,es_transportation,47.14,0
C1818841328,2,M,M348934600,es_transportation,14.55,0
C142251484,6,M,M348934600,es_transportation,44.22,0
C413843100,3,F,M348934600,es_transportation,38.2,0
C1368210201,2,F,M348934600,es_transportation,12.55,0
C747590731,3,F,M348934600,es_transportation,0.1,0
C1032715879,3,F,M85975013,es_food,36.55,0
C441989517,3,F,M348934600,es_transportation,15.04,0
C1506293914,5,M,M1823072687,es_transportation,54.45,0
C1800696439,5,M,M348934600,es_transportation,66.57,0
C1385780363,4,F,M348934600,es_transportation,56.93,0
C947010068,4,F,M348934600,es_transportation,3.5,0
C1939799337,4,F,M348934600,es_transportation,11.78,0
C1842441894,3,M,M1535107174,es_wellnessandbeauty,52.38,0
C207576555,3,F,M348934600,es_transportation,31.98,0
C334817037,3,M,M348934600,es_transportation,27.98,0
C1436756684,2,F,M692898500,es_health,187.62,0
C1419246450,3,M,M1823072687,es_transportation,19.23,0
C1025104996,5,M,M1823072687,es_transportation,47.82,0
C1325638360,5,M,M348934600,es_transportation,28.6,0
C655150548,1,F,M348934600,es_transportation,7.06,0
C75274383,4,M,M85975013,es_food,49.59,0
C357634845,3,M,M1823072687,es_transportation,12.16,0
C1394428191,1,F,M348934600,es_transportation,20.96,0
C602096181,1,F,M85975013,es_food,36.9,0
C1815496848,2,M,M348934600,es_transportation,11.06,0
C326482046,3,M,M1823072687,es_transportation,9.59,0
C524644424,4,M,M348934600,es_transportation,41.33,0
C411345215,1,F,M348934600,es_transportation,25.23,0
C447271561,3,M,M855959430,es_hyper,2.09,0
C1808964355,1,F,M348934600,es_transportation,3.62,0
C1730375460,2,F,M348934600,es_transportation,24.29,0
C982406682,1,M,M1823072687,es_transportation,22.84,0
C665566426,3,F,M85975013,es_food,40.69,0
C395508885,4,M,M348934600,es_transportation,5.31,0
C369046885,4,M,M348934600,es_transportation,41.67,0
C1445784416,4,M,M348934600,es_transportation,30.57,0
C236999052,1,M,M1823072687,es_transportation,8.71,0
C1316262830,1,F,M348934600,es_transportation,3.03,0
C1935421495,1,F,M348934600,es_transportation,13.72,0
C1960866892,2,M,M855959430,es_hyper,22.65,0
C677561666,1,F,M348934600,es_transportation,19.73,0
C1916796804,4,F,M348934600,es_transportation,33.12,0
C1956819896,2,M,M348934600,es_transportation,6.09,0
C626836922,5,F,M348934600,es_transportation,37.25,0
C526635102,2,M,M348934600,es_transportation,19.97,0
C1778762788,2,F,M349281107,es_fashion,15.31,0
C427983732,4,F,M348934600,es_transportation,19.19,0
C2132111174,3,F,M348934600,es_transportation,48.26,0
C991774315,3,F,M349281107,es_fashion,79.71,0
C720418898,3,M,M348934600,es_transportation,16.47,0
C956954767,3,F,M348934600,es_transportation,54.54,0
C1711634686,3,F,M348934600,es_transportation,44.5,0
C1711699171,2,M,M348934600,es_transportation,35.39,0
C1937615372,4,F,M85975013,es_food,22.42,0
C564451627,3,F,M348934600,es_transportation,67.88,0
C897057254,2,F,M348934600,es_transportation,4.02,0
C1196357413,3,F,M1823072687,es_transportation,11.95,0
C203427830,2,F,M348934600,es_transportation,16.6,0
C1320820565,2,F,M348934600,es_transportation,61.9,0
C1803181641,2,M,M348934600,es_transportation,48.24,0
C1723897078,2,F,M348934600,es_transportation,41.98,0
C170769685,4,M,M348934600,es_transportation,5.67,0
C1710930627,2,F,M1823072687,es_transportation,17.37,0
C1468082478,4,F,M1823072687,es_transportation,14.87,0
C998690782,2,M,M85975013,es_food,46.88,0
C2126019044,4,M,M348934600,es_transportation,2.81,0
C296630818,3,M,M348934600,es_transportation,18.25,0
C1050458046,6,M,M348934600,es_transportation,8.6,0
C1275741147,3,F,M348934600,es_transportation,20.37,0
C1264836741,2,F,M348934600,es_transportation,25.95,0
C1807259356,3,F,M348934600,es_transportation,62.76,0
C108794529,4,F,M348934600,es_transportation,17.36,0
C495652708,2,M,M1823072687,es_transportation,71.65,0
C1437990673,2,F,M348934600,es_transportation,6.34,0
C1959067413,4,M,M209847108,es_wellnessandbeauty,86.09,0
C1514973352,2,F,M348934600,es_transportation,28.82,0
C741680636,4,M,M348934600,es_transportation,19.55,0
C1465698425,2,M,M2122776122,es_home,98.19,0
C1452020181,5,M,M348934600,es_transportation,10.41,0
C1760986787,2,M,M85975013,es_food,30.92,0
C1426006139,4,F,M348934600,es_transportation,22.68,0
C179748485,2,M,M348934600,es_transportation,50.9,0
C936853935,3,M,M1823072687,es_transportation,49.54,0
C1660043980,3,F,M1823072687,es_transportation,38.58,0
C1951890364,3,F,M348934600,es_transportation,1.95,0
C386205251,2,F,M1823072687,es_transportation,16.4,0
C1935661715,2,M,M348934600,es_transportation,4.19,0
C294914134,2,F,M1823072687,es_transportation,62.11,0
C1999090638,2,F,M348934600,es_transportation,15.84,0
C1890250226,3,M,M348934600,es_transportation,31.45,0
C1426420214,1,M,M348934600,es_transportation,26.7,0
C1687751654,3,M,M348934600,es_transportation,51.36,0
C1522289895,3,F,M348934600,es_transportation,21.61,0
C873821675,4,M,M348934600,es_transportation,17.76,0
C1637357651,3,M,M151143676,es_barsandrestaurants,23.56,0
C72452640,2,F,M348934600,es_transportation,15.87,0
C800967034,3,F,M1823072687,es_transportation,1.21,0
C1223439629,4,M,M348934600,es_transportation,46.29,0
C1915603015,4,F,M348934600,es_transportation,21.5,0
C1896250849,1,M,M1823072687,es_transportation,31.51,0
C1680004438,2,F,M348934600,es_transportation,44.31,0
C1276892406,4,M,M348934600,es_transportation,38.26,0
C1439470393,2,F,M1823072687,es_transportation,15.49,0
C181787207,3,M,M1873032707,es_hotelservices,71.76,0
C2063978670,2,M,M2011752106,es_hotelservices,194.59,0
C766302474,4,F,M348934600,es_transportation,44.57,0
C1913127981,4,F,M348934600,es_transportation,21.21,0
C1732752834,3,M,M348934600,es_transportation,24.87,0
C1095604325,1,F,M348934600,es_transportation,19.38,0
C245019752,2,F,M348934600,es_transportation,55.7,0
C954150626,6,F,M348934600,es_transportation,16.78,0
C1658315324,4,M,M348934600,es_transportation,31.9,0
C1060470494,2,F,M1823072687,es_transportation,31.59,0
C1053477622,2,M,M348934600,es_transportation,8.66,0
C1571595392,2,M,M348934600,es_transportation,6.21,0
C1633477199,2,M,M348934600,es_transportation,57.17,0
C1990073844,4,M,M1823072687,es_transportation,24.57,0
C1004300450,4,M,M348934600,es_transportation,4.2,0
C756645719,2,F,M348934600,es_transportation,26.52,0
C1057285507,5,M,M348934600,es_transportation,31.93,0
C2144562698,1,F,M1535107174,es_wellnessandbeauty,55.3,0
C1475486134,5,M,M348934600,es_transportation,31.14,0
C1813956515,1,M,M1823072687,es_transportation,14.36,0
C1600642825,3,F,M1823072687,es_transportation,26.93,0
C1936855292,3,F,M348934600,es_transportation,19.42,0
C1128349548,2,F,M348934600,es_transportation,36.62,0
C956414645,2,F,M348934600,es_transportation,1.18,0
C1807153148,4,F,M348934600,es_transportation,11.41,0
C696052681,2,F,M348934600,es_transportation,16.1,0
C173276320,2,F,M1823072687,es_transportation,35.61,0
C1161671147,2,F,M348934600,es_transportation,27.32,0
C295362058,4,M,M348934600,es_transportation,3.3,0
C822689044,2,M,M348934600,es_transportation,28.13,0
C1353776547,6,M,M857378720,es_hotelservices,49.0,0
C105013970,3,M,M348934600,es_transportation,79.35,0
C777971561,2,F,M1198415165,es_wellnessandbeauty,122.26,0
C23049140,5,F,M348934600,es_transportation,17.51,0
C1991820533,5,M,M348934600,es_transportation,15.72,0
C1580025618,2,F,M348934600,es_transportation,61.93,0
C713872230,2,M,M1823072687,es_transportation,18.81,0
C130295904,3,F,M348934600,es_transportation,38.88,0
C1435043122,5,M,M1823072687,es_transportation,33.02,0
C1963617384,2,F,M348934600,es_transportation,51.86,0
C5191822,1,F,M1748431652,es_wellnessandbeauty,45.19,0
C1350793893,1,M,M209847108,es_wellnessandbeauty,60.71,0
C359698649,3,F,M348934600,es_transportation,38.78,0
C241071592,2,M,M348934600,es_transportation,38.92,0
C177123752,4,M,M348934600,es_transportation,11.73,0
C1867965524,4,M,M348934600,es_transportation,47.16,0
C417912401,3,F,M348934600,es_transportation,40.66,0
C862785719,3,F,M348934600,es_transportation,33.62,0
C1373973501,4,F,M1823072687,es_transportation,6.58,0
C161101673,2,M,M1823072687,es_transportation,26.27,0
C1714676783,3,M,M348934600,es_transportation,44.36,0
C679458582,4,F,M348934600,es_transportation,23.72,0
C656405809,1,M,M348934600,es_transportation,59.78,0
C757950779,6,M,M348934600,es_transportation,36.68,0
C278501873,2,F,M348934600,es_transportation,29.92,0
C812882942,1,F,M348934600,es_transportation,31.64,0
C1359606474,3,F,M348934600,es_transportation,20.33,0
C456338836,5,F,M348934600,es_transportation,29.03,0
C210563051,3,M,M348934600,es_transportation,2.66,0
C1891401770,4,F,M480139044,es_health,266.59,0
C450548035,3,M,M348934600,es_transportation,20.5,0
C1378412230,2,F,M348934600,es_transportation,47.86,0
C253956131,6,M,M1535107174,es_wellnessandbeauty,37.43,0
C131296547,2,M,M348934600,es_transportation,26.79,0
C1082594377,2,F,M980657600,es_sportsandtoys,88.2,0
C1076053396,4,M,M348934600,es_transportation,42.58,0
C2127479268,5,F,M348934600,es_transportation,18.48,0
C1535613790,3,M,M1823072687,es_transportation,35.89,0
C227186054,6,F,M348934600,es_transportation,46.19,0
C1701338775,5,F,M348934600,es_transportation,60.05,0
C74848504,3,F,M1823072687,es_transportation,29.1,0
C1902104464,6,F,M348934600,es_transportation,44.51,0
C64700533,3,F,M348934600,es_transportation,12.53,0
C1996249538,2,M,M85975013,es_food,35.23,0
C2704357,4,F,M348934600,es_transportation,3.92,0
C77017704,2,F,M348934600,es_transportation,23.03,0
C1988025089,2,F,M348934600,es_transportation,28.91,0
C1559091388,4,F,M348934600,es_transportation,48.62,0
C1807567788,4,M,M1823072687,es_transportation,24.31,0
C1216409727,3,F,M348934600,es_transportation,30.78,0
C1862556322,3,F,M348934600,es_transportation,14.35,0
C251602943,2,F,M348934600,es_transportation,22.14,0
C566582492,3,M,M348934600,es_transportation,28.63,0
C1693925346,4,F,M348934600,es_transportation,88.54,0
C286580355,6,M,M348934600,es_transportation,18.53,0
C1214229415,4,F,M348934600,es_transportation,98.35,0
C344259725,3,M,M348934600,es_transportation,16.1,0
C1022530210,4,M,M348934600,es_transportation,37.95,0
C1658591237,1,M,M348934600,es_transportation,25.28,0
C324333692,4,F,M348934600,es_transportation,12.27,0
C1266329800,4,F,M348934600,es_transportation,55.1,0
C1952109278,1,M,M348934600,es_transportation,0.61,0
C1457092141,2,F,M348934600,es_transportation,4.39,0
C2038018161,2,M,M348934600,es_transportation,20.93,0
C1390331883,2,F,M151143676,es_barsandrestaurants,49.65,0
C2131498052,5,M,M1352454843,es_hotelservices,71.0,0
C106333716,3,F,M348934600,es_transportation,42.8,0
C1635987808,5,F,M348934600,es_transportation,5.35,0
C2038979642,3,F,M1823072687,es_transportation,32.86,0
C1525483242,3,M,M1823072687,es_transportation,46.0,0
C1615196201,1,F,M348934600,es_transportation,31.74,0
C1129111658,5,F,M348934600,es_transportation,25.88,0
C529768403,6,F,M348934600,es_transportation,6.28,0
C1360225709,5,F,M855959430,es_hyper,61.75,0
C193924578,4,F,M1823072687,es_transportation,52.47,0
C344248234,2,M,M348934600,es_transportation,16.91,0
C612357573,6,M,M348934600,es_transportation,2.53,0
C823891015,2,F,M348934600,es_transportation,50.36,0
C1452354279,3,M,M348934600,es_transportation,8.02,0
C601235628,4,F,M1823072687,es_transportation,19.46,0
C1763371495,2,F,M348934600,es_transportation,15.97,0
C381250974,2,F,M348934600,es_transportation,32.55,0
C1459624061,4,F,M348934600,es_transportation,35.56,0
C1457264318,3,F,M1823072687,es_transportation,9.17,0
C2057462116,1,M,M348934600,es_transportation,10.42,0
C1296664552,3,M,M855959430,es_hyper,49.3,0
C1939349733,2,M,M348934600,es_transportation,29.36,0
C1784864427,5,M,M348934600,es_transportation,36.9,0
C448612141,3,M,M348934600,es_transportation,26.78,0
C1519265307,5,F,M348934600,es_transportation,23.05,0
C734817849,2,M,M348934600,es_transportation,31.42,0
C742784538,3,M,M1823072687,es_transportation,16.17,0
C1230747575,3,M,M855959430,es_hyper,15.26,0
C752270622,1,F,M348934600,es_transportation,13.96,0
C1920284556,2,F,M348934600,es_transportation,17.37,0
C965952231,5,M,M348934600,es_transportation,2.04,0
C837031785,3,F,M348934600,es_transportation,6.43,0
C1667929755,3,F,M1823072687,es_transportation,12.85,0
C33469777,1,M,M348934600,es_transportation,10.28,0
C1807765388,3,F,M348934600,es_transportation,23.67,0
C1918953803,2,F,M348934600,es_transportation,11.44,0
C1352750459,6,M,M348934600,es_transportation,11.76,0
C1051712338,4,M,M348934600,es_transportation,23.93,0
C399061526,2,F,M1823072687,es_transportation,2.1,0
C1108967401,1,M,M348934600,es_transportation,9.25,0
C1782998558,3,F,M348934600,es_transportation,21.04,0
C1089903335,3,M,M348934600,es_transportation,12.82,0
C1591441443,6,M,M85975013,es_food,19.05,0
C1080719046,3,M,M348934600,es_transportation,10.88,0
C151715772,3,F,M348934600,es_transportation,25.22,0
C1731135780,2,M,M348934600,es_transportation,13.44,0
C1556912476,3,F,M348934600,es_transportation,42.69,0
C108266856,3,F,M1823072687,es_transportation,55.84,0
C1656440641,2,M,M348934600,es_transportation,41.79,0
C138375181,5,F,M855959430,es_hyper,69.65,0
C1200227736,2,M,M348934600,es_transportation,0.3,0
C171345183,3,F,M348934600,es_transportation,12.61,0
C139784508,2,M,M1823072687,es_transportation,6.18,0
C1568308501,3,M,M348934600,es_transportation,27.67,0
C951689990,3,F,M348934600,es_transportation,44.8,0
C1944210063,3,M,M348934600,es_transportation,27.85,0
C1657925669,3,F,M348934600,es_transportation,34.31,0
C1160421902,3,M,M857378720,es_hotelservices,176.32,1
C966214713,3,M,M857378720,es_hotelservices,337.41,1
C57136184,6,F,M348934600,es_transportation,15.99,0
C494777408,2,M,M348934600,es_transportation,19.39,0
C1089848865,3,F,M348934600,es_transportation,28.32,0
C19820082,5,F,M348934600,es_transportation,11.03,0
C1643499361,4,M,M1823072687,es_transportation,4.88,0
C956700475,4,F,M348934600,es_transportation,29.93,0
C914285365,4,M,M348934600,es_transportation,54.17,0
C1341517098,4,F,M348934600,es_transportation,18.54,0
C956898918,2,F,M348934600,es_transportation,24.44,0
C563130428,3,M,M348934600,es_transportation,25.85,0
C1017469037,2,M,M348934600,es_transportation,8.06,0
C286547187,2,M,M348934600,es_transportation,6.35,0
C1689083890,2,F,M85975013,es_food,47.44,0
C966984015,4,M,M348934600,es_transportation,38.32,0
C356873706,3,M,M1823072687,es_transportation,13.79,0
C1905402681,1,M,M348934600,es_transportation,1.51,0
C715527139,1,M,M480139044,es_health,44.14,0
C1154631581,5,M,M348934600,es_transportation,37.67,0
C1913314890,3,F,M348934600,es_transportation,25.3,0
C2110568911,2,F,M348934600,es_transportation,57.26,0
C856318696,2,F,M348934600,es_transportation,54.22,0
C566232847,3,M,M348934600,es_transportation,16.42,0
C1756466427,4,M,M348934600,es_transportation,16.47,0
C2026269026,3,M,M1198415165,es_wellnessandbeauty,40.31,0
C843090653,4,F,M855959430,es_hyper,57.28,0
C475340225,2,M,M1823072687,es_transportation,6.01,0
C1102464953,4,F,M348934600,es_transportation,6.63,0
C755000520,2,F,M348934600,es_transportation,44.27,0
C385721880,2,M,M1823072687,es_transportation,2.93,0
C1969430351,3,M,M85975013,es_food,6.92,0
C1817318774,2,F,M980657600,es_sportsandtoys,106.29,0
C2075935351,U,E,M1823072687,es_transportation,21.25,0
C862267590,4,M,M348934600,es_transportation,33.28,0
C1799527037,2,M,M855959430,es_hyper,19.21,0
C26045684,4,F,M348934600,es_transportation,15.34,0
C1803364571,5,M,M348934600,es_transportation,27.81,0
C2145933360,5,F,M348934600,es_transportation,57.79,0
C126488680,4,M,M348934600,es_transportation,11.34,0
C635222317,3,F,M348934600,es_transportation,54.83,0
C1070471979,3,M,M85975013,es_food,44.77,0
C1854104284,2,F,M348934600,es_transportation,29.94,0
C2086664398,2,F,M85975013,es_food,1.6,0
C1615671416,6,F,M348934600,es_transportation,17.74,0
C1767072624,2,F,M348934600,es_transportation,50.91,0
C856674856,2,F,M348934600,es_transportation,31.34,0
C1688605578,3,M,M348934600,es_transportation,13.09,0
C845102514,4,M,M85975013,es_food,13.85,0
C1259760240,2,F,M348934600,es_transportation,7.11,0
C723509264,4,F,M2122776122,es_home,54.59,0
C918296398,2,F,M348934600,es_transportation,10.09,0
C1769401317,3,M,M348934600,es_transportation,41.78,0
C1962407385,2,M,M348934600,es_transportation,22.11,0
C841616397,2,M,M85975013,es_food,7.44,0
C74457300,1,F,M348934600,es_transportation,13.16,0
C364273844,3,F,M348934600,es_transportation,66.22,0
C1475799889,3,F,M348934600,es_transportation,27.57,0
C955592184,2,F,M348934600,es_transportation,22.75,0
C1395098424,2,F,M348934600,es_transportation,2.55,0
C1104044396,1,M,M348934600,es_transportation,48.41,0
C1197304790,3,M,M1352454843,es_hotelservices,90.3,0
C532118459,3,F,M348934600,es_transportation,37.58,0
C1419235351,4,M,M348934600,es_transportation,5.18,0
C395508103,2,F,M855959430,es_hyper,18.19,0
C927766810,3,F,M348934600,es_transportation,2.74,0
C1081944543,4,F,M348934600,es_transportation,32.71,0
C662396672,2,M,M348934600,es_transportation,37.73,0
C1741615821,3,M,M348934600,es_transportation,16.1,0
C1731249040,1,F,M348934600,es_transportation,30.86,0
C743791359,3,F,M348934600,es_transportation,2.49,0
C1975714155,5,F,M1823072687,es_transportation,46.01,0
C1067134113,4,F,M1823072687,es_transportation,16.44,0
C560376591,2,F,M348934600,es_transportation,10.99,0
C399875163,2,M,M348934600,es_transportation,1.47,0
C1872482068,4,M,M348934600,es_transportation,14.89,0
C2084449024,4,F,M348934600,es_transportation,25.36,0
C75208519,2,M,M348934600,es_transportation,47.45,0
C1040980271,3,M,M348934600,es_transportation,9.57,0
C1486017704,3,F,M348934600,es_transportation,43.42,0
C671449181,3,F,M1198415165,es_wellnessandbeauty,38.48,0
C401828466,3,M,M348934600,es_transportation,5.18,0
C484268062,3,F,M348934600,es_transportation,23.75,0
C801383032,3,M,M151143676,es_barsandrestaurants,98.44,0
C69317479,3,F,M1823072687,es_transportation,39.67,0
C745099746,3,F,M348934600,es_transportation,53.78,0
C1862384239,4,M,M117188757,es_home,87.51,0
C125143024,5,M,M348934600,es_transportation,12.03,0
C676229147,2,M,M348934600,es_transportation,23.14,0
C1303935849,2,M,M348934600,es_transportation,26.04,0
C861479162,3,F,M348934600,es_transportation,30.35,0
C534961358,2,F,M348934600,es_transportation,28.69,0
C582688427,5,M,M348934600,es_transportation,14.13,0
C1532733169,3,M,M348934600,es_transportation,2.07,0
C1299474405,4,F,M348934600,es_transportation,26.77,0
C164104645,5,F,M1823072687,es_transportation,9.7,0
C1090528803,3,F,M348934600,es_transportation,34.28,0
C1179217322,5,F,M85975013,es_food,63.22,0
C1967337226,4,M,M1823072687,es_transportation,26.95,0
C737765767,2,F,M840466850,es_tech,247.76,0
C1750362802,5,M,M348934600,es_transportation,57.23,0
C338406777,3,F,M348934600,es_transportation,37.29,0
C2078039202,4,M,M1535107174,es_wellnessandbeauty,33.78,0
C1234264195,5,F,M348934600,es_transportation,40.93,0
C1882101149,4,M,M348934600,es_transportation,39.26,0
C2125787399,4,F,M348934600,es_transportation,17.19,0
C1027777422,2,M,M348934600,es_transportation,16.05,0
C723171448,4,M,M1823072687,es_transportation,39.06,0
C483009385,3,F,M348934600,es_transportation,34.43,0
C175698222,2,F,M1823072687,es_transportation,39.74,0
C310751417,2,F,M1823072687,es_transportation,37.12,0
C1731138845,2,F,M348934600,es_transportation,49.05,0
C488606576,2,F,M348934600,es_transportation,47.71,0
C1627004719,5,F,M348934600,es_transportation,43.65,0
C521087514,4,F,M348934600,es_transportation,9.54,0
C1812702959,3,F,M348934600,es_transportation,55.17,0
C1810630647,2,F,M1053599405,es_health,105.54,0
C96407618,4,F,M348934600,es_transportation,1.74,0
C1965496749,3,F,M348934600,es_transportation,4.0,0
C1450140987,4,F,M1198415165,es_wellnessandbeauty,220.11,1
C60026962,2,F,M1198415165,es_wellnessandbeauty,4.32,1
C476313806,5,F,M348934600,es_transportation,12.43,0
C826715503,5,M,M348934600,es_transportation,9.96,0
C58324694,3,F,M1823072687,es_transportation,25.62,0
C281474709,5,F,M348934600,es_transportation,21.7,0
C869954068,3,F,M151143676,es_barsandrestaurants,65.69,0
C168191673,1,F,M1823072687,es_transportation,60.42,0
C1494829095,3,F,M348934600,es_transportation,39.78,0
C1761368684,1,F,M348934600,es_transportation,29.18,0
C183270065,0,F,M348934600,es_transportation,22.82,0
C747353905,2,M,M348934600,es_transportation,3.17,0
C1415998962,2,F,M1823072687,es_transportation,26.57,0
C1158738757,3,M,M348934600,es_transportation,17.37,0
C1597289593,4,F,M348934600,es_transportation,10.2,0
C1340235335,3,F,M348934600,es_transportation,37.29,0
C90085212,1,M,M348934600,es_transportation,4.14,0
C150273597,4,M,M1823072687,es_transportation,23.07,0
C1238755034,4,M,M348934600,es_transportation,64.01,0
C245908628,3,M,M348934600,es_transportation,22.81,0
C1740004679,3,F,M348934600,es_transportation,33.33,0
C320437746,3,F,M1823072687,es_transportation,14.7,0
C1960297159,2,F,M348934600,es_transportation,0.88,0
C1078619612,6,F,M348934600,es_transportation,8.59,0
C1641760998,5,F,M348934600,es_transportation,36.18,0
C616528518,4,F,M349281107,es_fashion,6.21,0
C300052027,1,F,M348934600,es_transportation,43.33,0
C881073190,2,F,M1823072687,es_transportation,12.92,0
C213197624,4,F,M348934600,es_transportation,19.45,0
C1899748276,5,F,M348934600,es_transportation,20.56,0
C1911281701,2,M,M348934600,es_transportation,3.84,0
C192974759,1,F,M1741626453,es_sportsandtoys,1.22,0
C299858046,2,F,M348934600,es_transportation,33.94,0
C885208928,1,U,M348934600,es_transportation,28.57,0
C2112563194,2,F,M348934600,es_transportation,10.75,0
C1970738826,4,M,M348934600,es_transportation,0.34,0
C735039923,3,F,M348934600,es_transportation,3.8,0
C1449000407,2,M,M348934600,es_transportation,31.02,0
C1681589600,2,F,M1823072687,es_transportation,7.56,0
C1598564853,2,M,M348934600,es_transportation,20.49,0
C331622323,4,F,M1823072687,es_transportation,37.84,0
C1611113200,6,M,M348934600,es_transportation,15.35,0
C2027052970,5,M,M348934600,es_transportation,29.82,0
C1388933025,2,F,M1823072687,es_transportation,65.41,0
C1847111025,3,M,M348934600,es_transportation,16.47,0
C1557448880,4,M,M348934600,es_transportation,69.95,0
C651594350,3,M,M348934600,es_transportation,64.03,0
C205797331,4,F,M1823072687,es_transportation,54.21,0
C817389751,5,F,M1823072687,es_transportation,49.89,0
C1005126300,4,F,M348934600,es_transportation,16.66,0
C1466730207,4,F,M547558035,es_fashion,46.45,0
C1685492470,2,F,M980657600,es_sportsandtoys,278.02,1
C1275518867,5,F,M980657600,es_sportsandtoys,69.53,1
C1314174420,2,M,M348934600,es_transportation,2.11,0
C913863966,6,M,M348934600,es_transportation,25.74,0
C1396904959,3,M,M348934600,es_transportation,9.17,0
C119537158,4,F,M348934600,es_transportation,34.73,0
C416536713,2,F,M348934600,es_transportation,5.37,0
C1783610571,2,F,M348934600,es_transportation,0.14,0
C47208933,4,F,M348934600,es_transportation,15.8,0
C261398093,3,F,M348934600,es_transportation,5.11,0
C607521473,2,M,M348934600,es_transportation,42.9,0
C1734879586,1,F,M348934600,es_transportation,14.29,0
C1886601622,3,M,M348934600,es_transportation,25.15,0
C394469483,3,M,M348934600,es_transportation,5.47,0
C1461774305,3,F,M348934600,es_transportation,6.83,0
C1614239388,2,M,M1823072687,es_transportation,31.16,0
C1643168823,1,F,M1823072687,es_transportation,13.04,0
C225675370,4,M,M840466850,es_tech,35.85,0
C196806031,3,F,M348934600,es_transportation,11.68,0
C393216567,5,F,M151143676,es_barsandrestaurants,17.19,0
C2115574807,5,F,M348934600,es_transportation,15.79,0
C1632932485,1,M,M348934600,es_transportation,32.62,0
C576453501,4,M,M1823072687,es_transportation,11.99,0
C612005121,3,F,M348934600,es_transportation,32.96,0
C688041542,2,M,M1823072687,es_transportation,21.39,0
C1346358504,1,M,M348934600,es_transportation,27.16,0
C1304285526,5,F,M348934600,es_transportation,30.33,0
C1882920635,2,M,M348934600,es_transportation,19.66,0
C46234453,3,F,M348934600,es_transportation,7.45,0
C2037169176,1,F,M348934600,es_transportation,21.23,0
C1293338142,4,F,M348934600,es_transportation,13.21,0
C1783206868,5,F,M1823072687,es_transportation,19.36,0
C1542255731,2,F,M1823072687,es_transportation,39.11,0
C803065678,1,M,M348934600,es_transportation,7.67,0
C1355010178,2,F,M1823072687,es_transportation,6.17,0
C1416816772,2,F,M348934600,es_transportation,38.69,0
C78938440,3,M,M348934600,es_transportation,58.61,0
C108940648,2,F,M1823072687,es_transportation,0.79,0
C545527660,1,F,M348934600,es_transportation,28.97,0
C394979408,4,F,M348934600,es_transportation,33.3,0
C707326919,2,M,M1823072687,es_transportation,0.18,0
C719205737,3,F,M85975013,es_food,45.0,0
C746862122,3,M,M348934600,es_transportation,73.77,0
C449262890,2,M,M1823072687,es_transportation,23.79,0
C800379810,2,F,M348934600,es_transportation,44.47,0
C1342037956,5,F,M348934600,es_transportation,3.26,0
C782199851,2,F,M348934600,es_transportation,33.18,0
C1181615831,3,M,M17379832,es_sportsandtoys,10.64,0
C1560259762,3,F,M480139044,es_health,248.42,0
C895429374,2,F,M348934600,es_transportation,17.73,0
C986156699,3,F,M348934600,es_transportation,20.18,0
C354098761,2,F,M348934600,es_transportation,27.57,0
C1926972512,3,F,M348934600,es_transportation,4.46,0
C2005671734,2,F,M348934600,es_transportation,3.69,0
C440111595,2,F,M1823072687,es_transportation,54.02,0
C1256908044,3,F,M348934600,es_transportation,24.35,0
C326815335,1,F,M348934600,es_transportation,5.28,0
C578700012,4,F,M348934600,es_transportation,33.27,0
C11453786,3,M,M348934600,es_transportation,63.23,0
C479535332,5,F,M348934600,es_transportation,2.56,0
C874212917,2,F,M348934600,es_transportation,44.88,0
C50049566,2,F,M1823072687,es_transportation,7.23,0
C1355273346,3,F,M348934600,es_transportation,32.63,0
C1256073744,3,M,M1823072687,es_transportation,11.42,0
C885081673,3,M,M85975013,es_food,51.96,0
C2126946323,2,F,M348934600,es_transportation,11.69,0
C1882290962,2,F,M692898500,es_health,237.48,0
C659009992,5,M,M348934600,es_transportation,37.16,0
C1379018843,5,M,M348934600,es_transportation,1.96,0
C320158645,2,M,M348934600,es_transportation,12.83,0
C475831512,2,F,M1823072687,es_transportation,38.2,0
C1156885344,4,M,M348934600,es_transportation,20.92,0
C432013067,1,M,M348934600,es_transportation,37.59,0
C813128680,2,M,M348934600,es_transportation,13.43,0
C693174391,3,F,M1823072687,es_transportation,38.89,0
C1524407626,1,M,M348934600,es_transportation,26.68,0
C1072577677,3,F,M348934600,es_transportation,18.4,0
C394488921,5,F,M980657600,es_sportsandtoys,21.56,0
C24198147,5,M,M151143676,es_barsandrestaurants,58.18,0
C1899001756,2,M,M85975013,es_food,31.59,0
C1541224095,2,F,M1823072687,es_transportation,40.67,0
C122290547,3,M,M1649169323,es_sportsandtoys,11.88,0
C56197730,2,M,M348934600,es_transportation,39.46,0
C1940951230,2,F,M348934600,es_transportation,73.59,0
C1983995504,2,F,M348934600,es_transportation,11.5,0
C668289079,5,F,M348934600,es_transportation,2.03,0
C1838948302,1,M,M1352454843,es_hotelservices,1.89,0
C47376492,3,M,M1823072687,es_transportation,30.88,0
C1382187685,1,F,M855959430,es_hyper,19.86,0
C170484334,1,M,M348934600,es_transportation,30.07,0
C296571542,2,F,M348934600,es_transportation,36.11,0
C1728647108,2,M,M348934600,es_transportation,25.73,0
C1624351292,2,M,M1823072687,es_transportation,52.75,0
C437189630,4,F,M348934600,es_transportation,30.15,0
C1512444326,3,F,M85975013,es_food,35.74,0
C1187702596,3,M,M348934600,es_transportation,12.14,0
C490558731,5,M,M348934600,es_transportation,54.3,0
C1011693897,1,F,M348934600,es_transportation,46.22,0
C1383269171,1,F,M348934600,es_transportation,47.02,0
C1560893361,3,M,M1823072687,es_transportation,25.86,0
C2129810887,4,F,M1535107174,es_wellnessandbeauty,140.48,0
C1282114843,2,F,M348934600,es_transportation,19.18,0
C1837295173,2,M,M855959430,es_hyper,0.23,0
C2095429384,2,F,M348934600,es_transportation,18.47,0
C1777674460,2,F,M348934600,es_transportation,56.78,0
C1468773146,3,M,M348934600,es_transportation,23.73,0
C188084843,2,M,M348934600,es_transportation,38.51,0
C1279143519,5,F,M855959430,es_hyper,54.33,0
C1486961552,4,F,M348934600,es_transportation,16.07,0
C1828345671,4,M,M1823072687,es_transportation,23.59,0
C1035666255,2,M,M348934600,es_transportation,10.13,0
C383368009,4,F,M348934600,es_transportation,39.28,0
C798889135,3,M,M1946091778,es_wellnessandbeauty,33.96,0
C1075692577,3,M,M1823072687,es_transportation,36.52,0
C2119675022,6,F,M348934600,es_transportation,36.92,0
C1626218926,4,F,M348934600,es_transportation,2.99,0
C1292770722,4,F,M348934600,es_transportation,8.48,0
C1873506157,1,M,M348934600,es_transportation,28.44,0
C717345438,3,M,M1823072687,es_transportation,31.44,0
C1532144144,1,M,M348934600,es_transportation,0.78,0
C635603510,2,M,M348934600,es_transportation,39.42,0
C1761432742,2,F,M151143676,es_barsandrestaurants,10.43,0
C1983734850,3,M,M855959430,es_hyper,61.08,0
C563092648,6,F,M1053599405,es_health,113.52,0
C631654729,5,F,M151143676,es_barsandrestaurants,61.32,0
C186469824,4,F,M348934600,es_transportation,34.95,0
C1642689499,2,F,M348934600,es_transportation,34.07,0
C460218551,6,M,M348934600,es_transportation,18.07,0
C1368438034,4,M,M348934600,es_transportation,5.15,0
C747175090,5,F,M348934600,es_transportation,40.48,0
C509362814,3,M,M348934600,es_transportation,27.42,0
C437836513,2,M,M348934600,es_transportation,16.91,0
C475928775,4,F,M348934600,es_transportation,33.84,0
C1844076143,2,M,M85975013,es_food,44.32,0
C1037161656,2,F,M348934600,es_transportation,27.65,0
C292682242,3,M,M348934600,es_transportation,33.26,0
C1143300850,1,F,M348934600,es_transportation,14.41,0
C875900250,4,M,M348934600,es_transportation,17.87,0
C461156176,5,F,M348934600,es_transportation,73.55,0
C12284077,3,F,M1823072687,es_transportation,69.89,0
C1415571957,2,M,M348934600,es_transportation,56.13,0
C1501782229,5,F,M348934600,es_transportation,48.51,0
C700940580,1,F,M1823072687,es_transportation,31.19,0
C23569509,5,M,M348934600,es_transportation,24.49,0
C572958608,2,M,M348934600,es_transportation,17.74,0
C947315968,2,F,M1535107174,es_wellnessandbeauty,47.72,0
C480961011,3,M,M348934600,es_transportation,13.0,0
C106397937,5,M,M348934600,es_transportation,26.77,0
C1904416498,4,F,M85975013,es_food,24.47,0
C1580955370,2,M,M1823072687,es_transportation,60.06,0
C848293063,5,F,M348934600,es_transportation,42.83,0
C430579454,4,F,M1198415165,es_wellnessandbeauty,104.03,0
C507185945,2,F,M1535107174,es_wellnessandbeauty,67.52,0
C1642006830,3,F,M348934600,es_transportation,22.31,0
C474894075,4,F,M348934600,es_transportation,31.61,0
C297351696,1,M,M348934600,es_transportation,9.68,0
C339931011,4,M,M1823072687,es_transportation,2.65,0
C1505467955,3,F,M1823072687,es_transportation,40.13,0
C1225704566,2,F,M1823072687,es_transportation,23.71,0
C419087520,2,M,M348934600,es_transportation,3.76,0
C1878500339,2,F,M348934600,es_transportation,10.82,0
C588937224,1,M,M348934600,es_transportation,30.37,0
C30024621,2,F,M692898500,es_health,195.44,0
C1067165398,5,M,M348934600,es_transportation,47.11,0
C1594422820,4,F,M348934600,es_transportation,9.85,0
C2023751717,2,M,M348934600,es_transportation,0.82,0
C1436301390,2,F,M1823072687,es_transportation,9.09,0
C1499363341,5,M,M348934600,es_transportation,43.16,0
C1482659693,2,M,M348934600,es_transportation,13.02,0
C1646298550,2,F,M348934600,es_transportation,70.9,0
C636259913,1,M,M348934600,es_transportation,24.57,0
C471003383,3,F,M348934600,es_transportation,20.77,0
C1433132752,3,M,M348934600,es_transportation,64.29,0
C1646712119,2,F,M1823072687,es_transportation,31.94,0
C1307916597,1,F,M348934600,es_transportation,12.83,0
C632176173,2,M,M348934600,es_transportation,11.51,0
C1269635185,2,M,M348934600,es_transportation,20.83,0
C1494778598,3,M,M348934600,es_transportation,1.23,0
C44857022,4,F,M85975013,es_food,21.42,0
C855942730,3,F,M1823072687,es_transportation,37.16,0
C582173326,4,F,M348934600,es_transportation,26.11,0
C1812521679,4,M,M348934600,es_transportation,30.82,0
C1697472909,3,F,M348934600,es_transportation,0.83,0
C1167781928,6,M,M348934600,es_transportation,24.95,0
C1885719603,3,F,M348934600,es_transportation,26.15,0
C485578112,3,F,M348934600,es_transportation,4.12,0
C2102316964,2,M,M348934600,es_transportation,23.74,0
C1154612561,1,M,M348934600,es_transportation,64.29,0
C1576250855,2,F,M348934600,es_transportation,0.55,0
C910969605,1,F,M348934600,es_transportation,46.43,0
C121713128,2,F,M1823072687,es_transportation,16.94,0
C599293124,4,F,M348934600,es_transportation,31.75,0
C1930258744,4,M,M1823072687,es_transportation,40.57,0
C1402381285,4,F,M348934600,es_transportation,33.28,0
C1681976106,1,M,M348934600,es_transportation,9.65,0
C1045652139,6,M,M348934600,es_transportation,71.06,0
C1127983201,6,F,M348934600,es_transportation,8.19,0
C1734487337,4,F,M1741626453,es_sportsandtoys,70.15,1
C204205576,3,F,M1741626453,es_sportsandtoys,238.82,1
C1591152121,3,M,M1053599405,es_health,142.49,0
C1092512638,3,F,M1053599405,es_health,128.99,0
C228023479,4,F,M348934600,es_transportation,6.76,0
C938915039,4,F,M348934600,es_transportation,9.23,0
C1652856443,2,M,M855959430,es_hyper,56.91,0
C371812005,2,M,M348934600,es_transportation,13.68,0
C763005836,3,F,M348934600,es_transportation,28.33,0
C846682077,3,M,M151143676,es_barsandrestaurants,20.74,0
C1314533733,2,M,M348934600,es_transportation,35.95,0
C1340398290,4,M,M855959430,es_hyper,34.69,0
C1812935919,5,M,M348934600,es_transportation,22.03,0
C806943770,4,F,M50039827,es_health,59.51,0
C166353588,2,F,M1535107174,es_wellnessandbeauty,21.03,0
C1987985724,2,M,M348934600,es_transportation,72.45,0
C1058785965,2,F,M151143676,es_barsandrestaurants,69.21,0
C719449879,6,F,M1823072687,es_transportation,63.95,0
C582022575,3,M,M348934600,es_transportation,22.84,0
C464042268,6,F,M1823072687,es_transportation,26.87,0
C1474786056,2,M,M348934600,es_transportation,34.69,0
C987677028,3,M,M348934600,es_transportation,17.08,0
C438957460,4,M,M1823072687,es_transportation,38.74,0
C1344489848,4,F,M348934600,es_transportation,59.78,0
C390271010,3,F,M348934600,es_transportation,17.86,0
C567897093,2,M,M348934600,es_transportation,34.84,0
C1125832994,3,F,M348934600,es_transportation,28.72,0
C935791733,3,U,M1823072687,es_transportation,33.12,0
C261768480,4,F,M348934600,es_transportation,42.82,0
C1625937550,2,F,M348934600,es_transportation,28.41,0
C1869142879,5,F,M348934600,es_transportation,47.07,0
C34111179,4,F,M348934600,es_transportation,71.53,0
C229592862,4,F,M348934600,es_transportation,16.76,0
C1377736719,5,M,M348934600,es_transportation,24.16,0
C1476491893,3,F,M348934600,es_transportation,10.84,0
C249473604,4,F,M348934600,es_transportation,17.49,0
C1446511647,3,F,M1823072687,es_transportation,38.36,0
C2027892936,4,F,M348934600,es_transportation,38.73,0
C1825851538,4,F,M480139044,es_health,55.82,0
C1775611696,1,F,M348934600,es_transportation,22.46,0
C719332132,2,F,M348934600,es_transportation,36.46,0
C805483863,4,F,M1823072687,es_transportation,0.85,0
C334841918,2,M,M348934600,es_transportation,35.8,0
C1126112663,4,M,M348934600,es_transportation,7.09,0
C2087715408,3,F,M348934600,es_transportation,22.12,0
C71763178,3,M,M1823072687,es_transportation,26.92,0
C1739998964,2,F,M1823072687,es_transportation,21.89,0
C734397713,2,M,M348934600,es_transportation,13.72,0
C95715318,1,F,M85975013,es_food,71.85,0
C467035555,2,F,M348934600,es_transportation,11.22,0
C846609537,5,M,M348934600,es_transportation,18.72,0
C2118328869,2,F,M348934600,es_transportation,53.57,0
C583110837,3,M,M480139044,es_health,667.09,1
C1079254393,1,F,M480139044,es_health,520.5,1
C1567385001,2,F,M348934600,es_transportation,7.1,0
C1341662543,3,F,M348934600,es_transportation,80.35,0
C1228157206,1,F,M97925176,es_wellnessandbeauty,46.1,0
C696806398,2,F,M1823072687,es_transportation,59.67,0
C1962291095,2,M,M348934600,es_transportation,8.65,0
C360019679,3,F,M348934600,es_transportation,8.83,0
C480118707,2,M,M348934600,es_transportation,65.26,0
C17166563,4,F,M348934600,es_transportation,43.59,0
C1209363182,3,F,M348934600,es_transportation,10.61,0
C942160317,2,M,M348934600,es_transportation,45.1,0
C212188289,4,M,M980657600,es_sportsandtoys,16.84,0
C1612748385,2,F,M348934600,es_transportation,46.94,0
C248927068,2,F,M348934600,es_transportation,38.25,0
C976209265,4,M,M348934600,es_transportation,34.66,0
C1412753123,3,F,M348934600,es_transportation,7.26,0
C1066456457,3,F,M348934600,es_transportation,24.61,0
C297745197,4,F,M348934600,es_transportation,40.91,0
C447509116,3,M,M348934600,es_transportation,23.08,0
C47652503,5,F,M1823072687,es_transportation,12.53,0
C393339341,3,M,M348934600,es_transportation,37.86,0
C885555910,5,F,M1823072687,es_transportation,19.0,0
C1607207670,2,F,M1823072687,es_transportation,25.7,0
C1562991705,5,F,M151143676,es_barsandrestaurants,52.39,0
C1135867657,6,M,M1823072687,es_transportation,102.34,0
C1546864044,1,M,M348934600,es_transportation,4.54,0
C1193034305,4,F,M1823072687,es_transportation,11.17,0
C1368070837,2,F,M348934600,es_transportation,1.42,0
C413242191,4,F,M348934600,es_transportation,28.02,0
C2044183803,3,M,M348934600,es_transportation,7.57,0
C827822455,3,M,M348934600,es_transportation,19.88,0
C1201848792,2,F,M348934600,es_transportation,9.73,0
C1690793519,2,F,M1535107174,es_wellnessandbeauty,22.93,0
C351144071,2,M,M547558035,es_fashion,75.21,0
C1347371891,2,M,M348934600,es_transportation,6.15,0
C1814131114,2,F,M348934600,es_transportation,27.86,0
C1209651258,2,M,M855959430,es_hyper,20.72,0
C961515074,3,M,M85975013,es_food,10.31,0
C1005495267,1,M,M1823072687,es_transportation,25.04,0
C260437492,3,F,M1823072687,es_transportation,22.22,0
C1558014544,3,M,M348934600,es_transportation,49.02,0
C1539370210,3,M,M348934600,es_transportation,4.22,0
C2059136665,2,M,M348934600,es_transportation,16.06,0
C709211172,4,F,M348934600,es_transportation,13.95,0
C1299496226,5,F,M348934600,es_transportation,15.57,0
C706757729,3,M,M923029380,es_home,24.8,0
C1517749848,2,F,M348934600,es_transportation,33.41,0
C1387070447,2,M,M348934600,es_transportation,24.97,0
C1823983599,2,F,M348934600,es_transportation,32.78,0
C1629765833,2,F,M209847108,es_wellnessandbeauty,8.81,0
C1969942970,3,M,M348934600,es_transportation,58.88,0
C718962269,3,F,M348934600,es_transportation,20.89,0
C879614402,1,M,M348934600,es_transportation,25.03,0
C290487175,5,M,M1823072687,es_transportation,10.73,0
C478715873,5,F,M1823072687,es_transportation,24.7,0
C1158233054,2,F,M348934600,es_transportation,21.69,0
C53785803,3,M,M348934600,es_transportation,5.6,0
C208514238,3,M,M1823072687,es_transportation,54.36,0
C1117294574,1,F,M840466850,es_tech,21.94,0
C790395954,6,F,M348934600,es_transportation,55.14,0
C1502465707,4,F,M348934600,es_transportation,53.77,0
C1018153896,3,F,M348934600,es_transportation,4.98,0
C1059874896,2,M,M348934600,es_transportation,39.34,0
C1552608695,6,F,M85975013,es_food,87.08,0
C1309027409,3,M,M1823072687,es_transportation,28.39,0
C1977634536,4,F,M85975013,es_food,85.88,0
C330615170,2,F,M1535107174,es_wellnessandbeauty,190.53,1
C330615170,2,F,M1535107174,es_wellnessandbeauty,451.92,1
C1090046399,2,M,M348934600,es_transportation,25.23,0
C1689884214,3,M,M348934600,es_transportation,33.16,0
C1298891864,2,F,M348934600,es_transportation,38.71,0
C915430510,2,F,M348934600,es_transportation,17.18,0
C2046797625,2,M,M348934600,es_transportation,34.69,0
C722399783,4,M,M1823072687,es_transportation,53.92,0
C1821582093,6,F,M348934600,es_transportation,52.11,0
C566628469,2,F,M1823072687,es_transportation,29.17,0
C10745331,4,F,M348934600,es_transportation,29.01,0
C1590346257,1,F,M348934600,es_transportation,4.29,0
C100045114,4,M,M348934600,es_transportation,35.13,0
C25346278,3,M,M855959430,es_hyper,17.79,0
C2034859281,2,F,M348934600,es_transportation,16.6,0
C1040272582,2,M,M1823072687,es_transportation,50.19,0
C1680323951,2,F,M348934600,es_transportation,21.45,0
C1806072501,5,M,M348934600,es_transportation,31.49,0
C626467543,4,F,M348934600,es_transportation,17.81,0
C1897689911,3,M,M1946091778,es_wellnessandbeauty,109.8,0
C34676686,2,M,M923029380,es_home,130.55,0
C2063574289,1,F,M348934600,es_transportation,45.94,0
C927696302,3,F,M348934600,es_transportation,18.79,0
C695108722,2,M,M348934600,es_transportation,42.78,0
C517412999,5,M,M348934600,es_transportation,39.2,0
C2049000934,5,M,M348934600,es_transportation,45.95,0
C698318224,2,F,M348934600,es_transportation,25.72,0
C1577104524,2,M,M348934600,es_transportation,42.4,0
C1719535099,3,F,M348934600,es_transportation,28.42,0
C1452053500,3,F,M348934600,es_transportation,11.48,0
C951660772,3,M,M1535107174,es_wellnessandbeauty,70.93,0
C1303226190,1,F,M348934600,es_transportation,23.93,0
C551080865,2,F,M348934600,es_transportation,12.96,0
C1980302296,1,F,M1823072687,es_transportation,17.68,0
C26746445,5,M,M348934600,es_transportation,44.68,0
C1830714840,4,F,M348934600,es_transportation,32.77,0
C461669469,6,F,M348934600,es_transportation,15.87,0
C1869757503,5,F,M348934600,es_transportation,48.61,0
C300112558,1,F,M348934600,es_transportation,26.27,0
C295271306,6,F,M1823072687,es_transportation,17.32,0
C691894544,2,F,M1535107174,es_wellnessandbeauty,62.0,0
C1638268213,3,M,M1535107174,es_wellnessandbeauty,142.75,0
C345640256,4,F,M348934600,es_transportation,13.42,0
C775101977,3,M,M348934600,es_transportation,34.01,0
C711859898,3,F,M348934600,es_transportation,16.12,0
C118836015,1,F,M348934600,es_transportation,5.48,0
C306854291,4,F,M85975013,es_food,42.0,0
C597908249,3,F,M1823072687,es_transportation,45.9,0
C571254990,3,F,M1198415165,es_wellnessandbeauty,63.81,0
C1047521541,5,M,M1823072687,es_transportation,1.91,0
C76313164,3,F,M348934600,es_transportation,49.03,0
C1227773968,1,M,M348934600,es_transportation,20.27,0
C1745468920,2,F,M348934600,es_transportation,31.57,0
C87462443,1,M,M855959430,es_hyper,44.1,0
C249282739,4,M,M348934600,es_transportation,54.8,0
C1434853621,1,F,M348934600,es_transportation,14.34,0
C1213002113,1,F,M348934600,es_transportation,0.64,0
C795132749,5,F,M151143676,es_barsandrestaurants,93.13,0
C236847402,3,M,M855959430,es_hyper,46.5,0
C1508025585,5,F,M348934600,es_transportation,39.41,0
C1646349423,2,M,M1353266412,es_hotelservices,153.11,0
C1355090926,3,F,M1535107174,es_wellnessandbeauty,105.99,0
C2040640036,1,F,M348934600,es_transportation,5.64,0
C1420603517,3,M,M348934600,es_transportation,20.57,0
C1957046981,5,F,M348934600,es_transportation,30.0,0
C2112631749,2,F,M348934600,es_transportation,5.67,0
C280778280,2,M,M1823072687,es_transportation,0.91,0
C2144163136,1,F,M348934600,es_transportation,28.32,0
C1199767081,3,F,M480139044,es_health,50.88,0
C778028540,2,F,M348934600,es_transportation,13.6,0
C971838371,4,F,M1823072687,es_transportation,6.22,0
C2055186059,3,F,M1823072687,es_transportation,11.09,0
C1876476635,2,M,M1823072687,es_transportation,7.88,0
C1962137244,6,M,M1823072687,es_transportation,46.82,0
C109617474,2,F,M348934600,es_transportation,15.6,0
C724380392,2,F,M348934600,es_transportation,33.32,0
C451582208,5,F,M348934600,es_transportation,43.23,0
C1877766749,2,M,M348934600,es_transportation,24.44,0
C1375103798,3,F,M1053599405,es_health,74.25,0
C1788358708,2,F,M348934600,es_transportation,30.92,0
